t,cpu_pct,perf_pct,mhz,tx_MBps,rx_MBps
1.30,3.66,91.01,1,696,0.0,0.0
2.37,3.39,117.68,1,696,0.0,0.0
3.38,9.84,172.69,1,696,973.3,1.0
4.40,11.45,188.81,1,696,1,868.5,1.8
5.41,12.06,188.56,1,696,1,791.5,1.8
6.41,10.44,188.84,1,696,1,859.2,1.8
7.43,10.03,188.87,1,696,1,852.7,1.8
8.45,10.48,188.89,1,696,1,869.1,1.8
9.46,7.47,188.87,1,696,1,841.5,1.8
10.47,6.22,188.77,1,696,1,849.9,1.8
11.48,8.58,188.78,1,696,1,832.5,1.8
12.49,7.13,188.79,1,696,1,858.3,1.8
13.50,9.09,188.81,1,696,1,851.3,1.8
14.51,10.91,188.89,1,696,1,842.2,1.8
15.53,9.57,188.84,1,696,1,867.2,1.8
16.53,10.29,188.86,1,696,1,843.3,1.8
17.55,7.88,188.53,1,696,1,890.2,1.8
18.56,8.74,188.51,1,696,1,864.8,1.8
19.57,9.48,188.39,1,696,1,853.2,1.8
20.58,7.13,188.61,1,696,1,853.8,1.8
21.59,12.69,188.69,1,696,1,850.4,1.8
22.60,10.22,188.43,1,696,1,885.1,1.8
23.61,11.93,188.03,1,696,1,802.7,1.8
24.62,9.95,188.45,1,696,1,877.4,1.8
25.63,9.10,188.66,1,696,1,870.1,1.8
26.64,9.63,188.52,1,696,1,869.0,1.8
27.66,11.12,188.69,1,696,1,832.6,1.8
28.67,5.26,188.66,1,696,1,852.0,1.8
29.68,11.52,188.89,1,696,1,839.9,1.8
30.69,8.68,188.77,1,696,1,840.2,1.8
31.69,9.92,188.72,1,696,1,851.8,1.8
32.70,11.98,188.83,1,696,1,847.7,1.8
33.70,10.37,188.89,1,696,1,866.1,1.8
34.71,11.71,188.51,1,696,1,853.1,1.8
35.72,11.08,188.04,1,696,1,807.4,1.8
36.73,10.44,188.68,1,696,1,873.1,1.8
37.75,9.76,188.41,1,696,1,891.4,1.8
38.76,8.42,188.51,1,696,1,885.3,1.8
39.77,7.79,188.59,1,696,1,876.5,1.8
40.78,8.03,188.74,1,696,1,852.8,1.8
41.79,8.28,188.73,1,696,1,842.8,1.8
42.80,8.16,188.80,1,696,1,842.0,1.8
43.81,7.02,188.80,1,696,1,850.6,1.8
44.82,9.01,188.84,1,696,1,849.3,1.8
45.83,9.76,188.80,1,696,1,846.4,1.8
46.85,8.77,188.35,1,696,1,810.5,1.8
47.85,9.46,188.48,1,696,1,803.4,1.8
48.86,7.76,188.82,1,696,1,825.8,1.8
49.88,8.72,188.78,1,696,1,847.9,1.8
50.89,8.36,188.80,1,696,1,860.5,1.8
51.90,9.27,188.83,1,696,1,899.0,1.9
52.91,10.48,188.85,1,696,1,871.6,1.9
53.92,9.75,188.86,1,696,1,896.0,1.9
54.93,8.76,188.80,1,696,1,845.2,1.8
55.94,10.30,188.81,1,696,1,862.7,1.8
56.95,7.41,188.17,1,696,1,798.3,1.8
57.96,7.98,188.89,1,696,1,831.9,1.8
58.98,8.22,188.87,1,696,1,865.4,1.8
59.98,9.13,188.94,1,696,1,847.6,1.8
60.99,9.00,188.82,1,696,1,841.7,1.8
62.00,7.35,188.77,1,696,1,868.2,1.9
63.02,7.84,188.81,1,696,1,875.4,1.9
64.03,7.23,188.76,1,696,1,842.6,1.8
65.04,8.25,188.02,1,696,1,767.5,1.7
66.06,8.30,188.75,1,696,1,829.1,1.8
67.07,11.22,188.89,1,696,1,880.8,1.9
68.08,6.31,188.74,1,696,1,869.1,1.8
69.09,7.56,188.84,1,696,1,860.4,1.8
70.10,7.79,188.80,1,696,1,859.3,1.8
71.11,7.76,188.02,1,696,1,812.9,1.8
72.12,8.12,188.87,1,696,1,868.3,1.9
73.13,9.46,188.75,1,696,1,824.7,1.8
74.15,8.86,188.83,1,696,1,855.7,1.8
75.16,9.30,188.70,1,696,1,839.4,1.8
76.17,8.02,188.86,1,696,1,847.2,1.8
77.18,9.40,188.15,1,696,1,767.9,1.7
78.20,7.14,188.89,1,696,1,841.1,1.8
79.20,6.32,188.81,1,696,1,864.2,1.8
80.21,9.92,188.76,1,696,1,852.2,1.8
81.22,10.72,188.72,1,696,1,856.3,1.8
82.23,5.65,188.79,1,696,1,863.2,1.9
83.24,8.75,188.41,1,696,1,788.2,1.8
84.25,8.26,188.78,1,696,1,853.1,1.8
85.26,8.49,188.86,1,696,1,876.9,1.9
86.27,11.01,188.87,1,696,1,849.5,1.8
87.28,11.53,188.72,1,696,1,829.5,1.8
88.29,7.46,188.86,1,696,1,853.3,1.8
89.30,8.28,188.88,1,696,1,866.3,1.8
90.31,8.94,188.91,1,696,1,873.3,1.9
91.33,9.62,188.85,1,696,1,840.2,1.8
92.34,9.26,188.72,1,696,1,847.5,1.8
93.35,8.50,188.88,1,696,1,841.1,1.8
94.36,7.62,188.77,1,696,1,854.1,1.8
95.37,8.16,187.79,1,696,1,772.7,1.8
96.39,7.43,188.83,1,696,1,846.3,1.8
97.40,9.52,188.79,1,696,1,842.0,1.8
98.41,7.18,188.87,1,696,1,859.8,1.8
99.42,8.47,188.81,1,696,1,836.0,1.8
100.44,9.31,188.76,1,696,1,862.7,1.8
101.45,10.43,188.83,1,696,1,837.6,1.8
102.46,9.03,188.81,1,696,1,836.8,1.8
103.47,7.95,188.66,1,696,1,843.2,1.8
104.50,9.56,188.75,1,696,1,840.8,1.8
105.51,9.66,188.86,1,696,1,841.4,1.8
106.52,6.54,188.83,1,696,1,856.2,1.8
107.52,10.45,188.06,1,696,1,814.7,1.8
108.53,9.77,188.91,1,696,1,894.2,1.9
109.55,8.25,188.84,1,696,1,864.6,1.8
110.56,14.04,188.57,1,696,1,886.9,1.9
111.58,8.14,188.77,1,696,1,840.1,1.8
112.58,8.42,188.67,1,696,1,840.9,1.8
113.60,7.61,188.22,1,696,1,842.7,1.8
114.61,10.02,188.33,1,696,1,842.4,1.8
115.62,7.19,188.34,1,696,1,847.7,1.8
116.64,7.40,184.28,1,696,1,793.7,1.8
117.65,15.39,167.13,1,696,1,846.9,1.8
118.66,12.28,173.58,1,696,1,833.0,1.8
119.68,16.23,168.22,1,696,1,833.8,1.8
120.68,9.74,177.83,1,696,1,849.5,1.8
121.69,13.40,172.41,1,696,1,886.7,1.9
122.71,9.60,174.51,1,696,1,864.3,1.8
123.72,10.74,183.83,1,696,1,837.0,1.8
124.73,8.28,183.68,1,696,1,822.9,1.8
125.74,11.31,181.75,1,696,1,764.1,1.7
126.75,7.29,183.80,1,696,1,839.2,1.8
127.76,8.68,183.28,1,696,1,857.2,1.8
128.78,11.14,180.15,1,696,1,857.1,1.8
129.80,8.32,183.15,1,696,1,877.5,1.9
130.80,8.56,185.00,1,696,1,818.9,1.8
131.82,9.96,182.42,1,696,1,822.0,1.8
132.83,8.70,180.94,1,696,1,890.6,1.9
133.84,11.08,184.56,1,696,1,834.5,1.8
134.85,9.00,184.49,1,696,1,871.5,1.9
135.87,9.80,181.86,1,696,1,869.5,1.9
136.88,10.24,183.35,1,696,1,887.5,1.9
137.89,7.84,185.12,1,696,1,836.7,1.8
138.90,10.26,180.22,1,696,1,841.8,1.8
139.91,10.52,183.82,1,696,1,845.7,1.8
140.93,8.66,184.37,1,696,1,833.1,1.8
141.94,10.22,182.38,1,696,1,845.4,1.8
142.95,8.51,180.30,1,696,1,834.4,1.8
143.96,8.24,186.15,1,696,1,824.4,1.8
144.98,10.94,180.11,1,696,1,831.1,1.8
145.99,7.43,183.65,1,696,1,837.1,1.8
146.99,10.62,185.35,1,696,1,844.7,1.8
148.01,8.26,185.52,1,696,1,833.2,1.8
149.01,6.84,184.58,1,696,1,792.5,1.8
150.03,6.66,183.97,1,696,1,834.3,1.8
151.04,10.21,180.64,1,696,1,901.5,1.9
152.06,9.04,177.85,1,696,1,871.5,1.9
153.07,9.63,182.69,1,696,1,879.2,1.9
154.08,11.71,184.61,1,696,1,877.1,1.9
155.08,7.93,184.80,1,696,1,769.1,1.8
156.09,8.57,184.50,1,696,1,840.5,1.8
157.10,9.72,184.18,1,696,1,856.6,1.8
158.12,9.42,177.66,1,696,1,874.1,1.8
159.13,9.08,178.74,1,696,1,852.1,1.8
160.15,8.53,184.55,1,696,1,824.6,1.8
161.16,14.19,177.72,1,696,1,836.5,1.8
162.16,8.96,179.94,1,696,1,851.2,1.8
163.17,7.87,183.59,1,696,1,834.1,1.8
164.18,9.41,184.54,1,696,1,850.0,1.8
165.19,10.43,176.44,1,696,1,829.4,1.8
166.20,6.93,181.06,1,696,1,823.8,1.8
167.22,10.49,184.76,1,696,1,869.7,1.8
168.23,7.44,184.92,1,696,1,871.0,1.9
169.23,8.00,184.57,1,696,1,838.8,1.8
170.25,7.95,181.61,1,696,1,873.3,1.8
171.26,10.39,177.26,1,696,1,839.7,1.8
172.26,6.93,181.46,1,696,1,840.5,1.8
173.27,8.17,185.38,1,696,1,842.2,1.8
174.28,10.72,186.16,1,696,1,823.2,1.8
175.29,9.07,182.60,1,696,1,821.8,1.8
176.31,13.36,185.08,1,696,1,797.0,1.8
177.31,17.73,163.12,1,696,1,819.0,1.8
178.32,14.54,171.25,1,696,1,861.5,1.9
179.33,11.41,173.31,1,696,1,761.3,1.7
180.35,11.33,179.86,1,696,1,872.9,1.9
181.36,9.24,181.48,1,696,1,841.5,1.8
182.38,8.95,180.47,1,696,1,884.7,1.9
183.39,14.31,144.94,1,696,875.3,0.9
184.40,8.68,68.60,1,696,0.0,0.0
185.42,7.94,137.76,1,696,0.0,0.0
186.45,1.72,85.14,1,696,0.0,0.0
187.45,4.93,82.76,1,696,0.0,0.0
188.46,10.82,89.28,1,696,0.0,0.0
189.47,8.47,102.33,1,696,0.0,0.0
190.48,16.79,152.26,1,696,0.0,0.0
