"t","clock","temp","PSComputerName","RunspaceId","PSShowComputerName","PSSourceJobInstanceId"
"1.89","128.8","83","localhost","d819effa-44f1-434e-b5b1-e24e06ca73e6","False","993d8cfe-57fa-4d30-9ce7-b89bfc3f2fb3"
"3.89","136.9","83","localhost","d819effa-44f1-434e-b5b1-e24e06ca73e6","False","993d8cfe-57fa-4d30-9ce7-b89bfc3f2fb3"
"5.76","117.2","83","localhost","d819effa-44f1-434e-b5b1-e24e06ca73e6","False","993d8cfe-57fa-4d30-9ce7-b89bfc3f2fb3"
"7.68","129.9","83","localhost","d819effa-44f1-434e-b5b1-e24e06ca73e6","False","993d8cfe-57fa-4d30-9ce7-b89bfc3f2fb3"
"9.61","125","83","localhost","d819effa-44f1-434e-b5b1-e24e06ca73e6","False","993d8cfe-57fa-4d30-9ce7-b89bfc3f2fb3"
"11.58","137.1","83","localhost","d819effa-44f1-434e-b5b1-e24e06ca73e6","False","993d8cfe-57fa-4d30-9ce7-b89bfc3f2fb3"
"13.45","126.3","83","localhost","d819effa-44f1-434e-b5b1-e24e06ca73e6","False","993d8cfe-57fa-4d30-9ce7-b89bfc3f2fb3"
"15.34","130.4","83","localhost","d819effa-44f1-434e-b5b1-e24e06ca73e6","False","993d8cfe-57fa-4d30-9ce7-b89bfc3f2fb3"
"17.25","145.6","83","localhost","d819effa-44f1-434e-b5b1-e24e06ca73e6","False","993d8cfe-57fa-4d30-9ce7-b89bfc3f2fb3"
"19.12","131.1","83","localhost","d819effa-44f1-434e-b5b1-e24e06ca73e6","False","993d8cfe-57fa-4d30-9ce7-b89bfc3f2fb3"
"21.03","129.2","83","localhost","d819effa-44f1-434e-b5b1-e24e06ca73e6","False","993d8cfe-57fa-4d30-9ce7-b89bfc3f2fb3"
"22.95","131","83","localhost","d819effa-44f1-434e-b5b1-e24e06ca73e6","False","993d8cfe-57fa-4d30-9ce7-b89bfc3f2fb3"
"24.84","143","83","localhost","d819effa-44f1-434e-b5b1-e24e06ca73e6","False","993d8cfe-57fa-4d30-9ce7-b89bfc3f2fb3"
"26.75","137","83","localhost","d819effa-44f1-434e-b5b1-e24e06ca73e6","False","993d8cfe-57fa-4d30-9ce7-b89bfc3f2fb3"
"28.61","120.3","83","localhost","d819effa-44f1-434e-b5b1-e24e06ca73e6","False","993d8cfe-57fa-4d30-9ce7-b89bfc3f2fb3"
"30.54","128.4","82","localhost","d819effa-44f1-434e-b5b1-e24e06ca73e6","False","993d8cfe-57fa-4d30-9ce7-b89bfc3f2fb3"
"32.46","131","82","localhost","d819effa-44f1-434e-b5b1-e24e06ca73e6","False","993d8cfe-57fa-4d30-9ce7-b89bfc3f2fb3"
"34.37","141.1","82","localhost","d819effa-44f1-434e-b5b1-e24e06ca73e6","False","993d8cfe-57fa-4d30-9ce7-b89bfc3f2fb3"
"36.22","113.6","82","localhost","d819effa-44f1-434e-b5b1-e24e06ca73e6","False","993d8cfe-57fa-4d30-9ce7-b89bfc3f2fb3"
"38.09","131","82","localhost","d819effa-44f1-434e-b5b1-e24e06ca73e6","False","993d8cfe-57fa-4d30-9ce7-b89bfc3f2fb3"
"39.99","130","82","localhost","d819effa-44f1-434e-b5b1-e24e06ca73e6","False","993d8cfe-57fa-4d30-9ce7-b89bfc3f2fb3"
"41.9","141.5","82","localhost","d819effa-44f1-434e-b5b1-e24e06ca73e6","False","993d8cfe-57fa-4d30-9ce7-b89bfc3f2fb3"
"43.79","139.4","82","localhost","d819effa-44f1-434e-b5b1-e24e06ca73e6","False","993d8cfe-57fa-4d30-9ce7-b89bfc3f2fb3"
"45.63","120.2","82","localhost","d819effa-44f1-434e-b5b1-e24e06ca73e6","False","993d8cfe-57fa-4d30-9ce7-b89bfc3f2fb3"
"47.56","131","82","localhost","d819effa-44f1-434e-b5b1-e24e06ca73e6","False","993d8cfe-57fa-4d30-9ce7-b89bfc3f2fb3"
"49.48","134.9","82","localhost","d819effa-44f1-434e-b5b1-e24e06ca73e6","False","993d8cfe-57fa-4d30-9ce7-b89bfc3f2fb3"
"51.39","142","82","localhost","d819effa-44f1-434e-b5b1-e24e06ca73e6","False","993d8cfe-57fa-4d30-9ce7-b89bfc3f2fb3"
"53.27","136","82","localhost","d819effa-44f1-434e-b5b1-e24e06ca73e6","False","993d8cfe-57fa-4d30-9ce7-b89bfc3f2fb3"
"55.15","126.4","82","localhost","d819effa-44f1-434e-b5b1-e24e06ca73e6","False","993d8cfe-57fa-4d30-9ce7-b89bfc3f2fb3"
"57.07","131","82","localhost","d819effa-44f1-434e-b5b1-e24e06ca73e6","False","993d8cfe-57fa-4d30-9ce7-b89bfc3f2fb3"
"58.98","139","82","localhost","d819effa-44f1-434e-b5b1-e24e06ca73e6","False","993d8cfe-57fa-4d30-9ce7-b89bfc3f2fb3"
"60.9","134.4","82","localhost","d819effa-44f1-434e-b5b1-e24e06ca73e6","False","993d8cfe-57fa-4d30-9ce7-b89bfc3f2fb3"
"62.76","120.1","82","localhost","d819effa-44f1-434e-b5b1-e24e06ca73e6","False","993d8cfe-57fa-4d30-9ce7-b89bfc3f2fb3"
"64.66","130.3","82","localhost","d819effa-44f1-434e-b5b1-e24e06ca73e6","False","993d8cfe-57fa-4d30-9ce7-b89bfc3f2fb3"
"66.59","134.3","82","localhost","d819effa-44f1-434e-b5b1-e24e06ca73e6","False","993d8cfe-57fa-4d30-9ce7-b89bfc3f2fb3"
"68.49","140.2","82","localhost","d819effa-44f1-434e-b5b1-e24e06ca73e6","False","993d8cfe-57fa-4d30-9ce7-b89bfc3f2fb3"
"70.35","130","82","localhost","d819effa-44f1-434e-b5b1-e24e06ca73e6","False","993d8cfe-57fa-4d30-9ce7-b89bfc3f2fb3"
"72.19","125.9","82","localhost","d819effa-44f1-434e-b5b1-e24e06ca73e6","False","993d8cfe-57fa-4d30-9ce7-b89bfc3f2fb3"
"74.1","131","82","localhost","d819effa-44f1-434e-b5b1-e24e06ca73e6","False","993d8cfe-57fa-4d30-9ce7-b89bfc3f2fb3"
"75.99","139.1","82","localhost","d819effa-44f1-434e-b5b1-e24e06ca73e6","False","993d8cfe-57fa-4d30-9ce7-b89bfc3f2fb3"
"77.9","139.5","82","localhost","d819effa-44f1-434e-b5b1-e24e06ca73e6","False","993d8cfe-57fa-4d30-9ce7-b89bfc3f2fb3"
"79.76","122.6","82","localhost","d819effa-44f1-434e-b5b1-e24e06ca73e6","False","993d8cfe-57fa-4d30-9ce7-b89bfc3f2fb3"
"81.65","130.4","82","localhost","d819effa-44f1-434e-b5b1-e24e06ca73e6","False","993d8cfe-57fa-4d30-9ce7-b89bfc3f2fb3"
"83.58","131.8","82","localhost","d819effa-44f1-434e-b5b1-e24e06ca73e6","False","993d8cfe-57fa-4d30-9ce7-b89bfc3f2fb3"
"85.49","148","82","localhost","d819effa-44f1-434e-b5b1-e24e06ca73e6","False","993d8cfe-57fa-4d30-9ce7-b89bfc3f2fb3"
"87.38","138.5","82","localhost","d819effa-44f1-434e-b5b1-e24e06ca73e6","False","993d8cfe-57fa-4d30-9ce7-b89bfc3f2fb3"
"89.21","122.4","82","localhost","d819effa-44f1-434e-b5b1-e24e06ca73e6","False","993d8cfe-57fa-4d30-9ce7-b89bfc3f2fb3"
"91.12","129.8","83","localhost","d819effa-44f1-434e-b5b1-e24e06ca73e6","False","993d8cfe-57fa-4d30-9ce7-b89bfc3f2fb3"
"93.02","133.4","82","localhost","d819effa-44f1-434e-b5b1-e24e06ca73e6","False","993d8cfe-57fa-4d30-9ce7-b89bfc3f2fb3"
"94.95","141.6","83","localhost","d819effa-44f1-434e-b5b1-e24e06ca73e6","False","993d8cfe-57fa-4d30-9ce7-b89bfc3f2fb3"
"96.81","127.7","82","localhost","d819effa-44f1-434e-b5b1-e24e06ca73e6","False","993d8cfe-57fa-4d30-9ce7-b89bfc3f2fb3"
"98.69","130.2","82","localhost","d819effa-44f1-434e-b5b1-e24e06ca73e6","False","993d8cfe-57fa-4d30-9ce7-b89bfc3f2fb3"
"100.6","131.2","82","localhost","d819effa-44f1-434e-b5b1-e24e06ca73e6","False","993d8cfe-57fa-4d30-9ce7-b89bfc3f2fb3"
"102.58","141.3","82","localhost","d819effa-44f1-434e-b5b1-e24e06ca73e6","False","993d8cfe-57fa-4d30-9ce7-b89bfc3f2fb3"
"104.53","132.6","82","localhost","d819effa-44f1-434e-b5b1-e24e06ca73e6","False","993d8cfe-57fa-4d30-9ce7-b89bfc3f2fb3"
"106.46","127.6","82","localhost","d819effa-44f1-434e-b5b1-e24e06ca73e6","False","993d8cfe-57fa-4d30-9ce7-b89bfc3f2fb3"
"108.36","130","82","localhost","d819effa-44f1-434e-b5b1-e24e06ca73e6","False","993d8cfe-57fa-4d30-9ce7-b89bfc3f2fb3"
"110.26","136.6","82","localhost","d819effa-44f1-434e-b5b1-e24e06ca73e6","False","993d8cfe-57fa-4d30-9ce7-b89bfc3f2fb3"
"112.15","137.1","83","localhost","d819effa-44f1-434e-b5b1-e24e06ca73e6","False","993d8cfe-57fa-4d30-9ce7-b89bfc3f2fb3"
"114.01","119.8","82","localhost","d819effa-44f1-434e-b5b1-e24e06ca73e6","False","993d8cfe-57fa-4d30-9ce7-b89bfc3f2fb3"
"115.93","131","82","localhost","d819effa-44f1-434e-b5b1-e24e06ca73e6","False","993d8cfe-57fa-4d30-9ce7-b89bfc3f2fb3"
"117.85","131","82","localhost","d819effa-44f1-434e-b5b1-e24e06ca73e6","False","993d8cfe-57fa-4d30-9ce7-b89bfc3f2fb3"
"119.76","142.9","82","localhost","d819effa-44f1-434e-b5b1-e24e06ca73e6","False","993d8cfe-57fa-4d30-9ce7-b89bfc3f2fb3"
"121.67","139.4","82","localhost","d819effa-44f1-434e-b5b1-e24e06ca73e6","False","993d8cfe-57fa-4d30-9ce7-b89bfc3f2fb3"
"123.57","125.4","83","localhost","d819effa-44f1-434e-b5b1-e24e06ca73e6","False","993d8cfe-57fa-4d30-9ce7-b89bfc3f2fb3"
"125.47","131","82","localhost","d819effa-44f1-434e-b5b1-e24e06ca73e6","False","993d8cfe-57fa-4d30-9ce7-b89bfc3f2fb3"
"127.38","134.5","83","localhost","d819effa-44f1-434e-b5b1-e24e06ca73e6","False","993d8cfe-57fa-4d30-9ce7-b89bfc3f2fb3"
"129.29","136.9","82","localhost","d819effa-44f1-434e-b5b1-e24e06ca73e6","False","993d8cfe-57fa-4d30-9ce7-b89bfc3f2fb3"
"131.19","127.7","82","localhost","d819effa-44f1-434e-b5b1-e24e06ca73e6","False","993d8cfe-57fa-4d30-9ce7-b89bfc3f2fb3"
"133.08","127","82","localhost","d819effa-44f1-434e-b5b1-e24e06ca73e6","False","993d8cfe-57fa-4d30-9ce7-b89bfc3f2fb3"
"135.01","131","83","localhost","d819effa-44f1-434e-b5b1-e24e06ca73e6","False","993d8cfe-57fa-4d30-9ce7-b89bfc3f2fb3"
"136.91","138.5","82","localhost","d819effa-44f1-434e-b5b1-e24e06ca73e6","False","993d8cfe-57fa-4d30-9ce7-b89bfc3f2fb3"
"138.82","137.6","83","localhost","d819effa-44f1-434e-b5b1-e24e06ca73e6","False","993d8cfe-57fa-4d30-9ce7-b89bfc3f2fb3"
"140.7","121.7","82","localhost","d819effa-44f1-434e-b5b1-e24e06ca73e6","False","993d8cfe-57fa-4d30-9ce7-b89bfc3f2fb3"
"142.62","130.2","82","localhost","d819effa-44f1-434e-b5b1-e24e06ca73e6","False","993d8cfe-57fa-4d30-9ce7-b89bfc3f2fb3"
"144.52","132.7","83","localhost","d819effa-44f1-434e-b5b1-e24e06ca73e6","False","993d8cfe-57fa-4d30-9ce7-b89bfc3f2fb3"
"146.42","145.2","82","localhost","d819effa-44f1-434e-b5b1-e24e06ca73e6","False","993d8cfe-57fa-4d30-9ce7-b89bfc3f2fb3"
"148.31","127.7","82","localhost","d819effa-44f1-434e-b5b1-e24e06ca73e6","False","993d8cfe-57fa-4d30-9ce7-b89bfc3f2fb3"
"150.17","130.6","83","localhost","d819effa-44f1-434e-b5b1-e24e06ca73e6","False","993d8cfe-57fa-4d30-9ce7-b89bfc3f2fb3"
"152.07","130.1","83","localhost","d819effa-44f1-434e-b5b1-e24e06ca73e6","False","993d8cfe-57fa-4d30-9ce7-b89bfc3f2fb3"
"153.98","149.1","82","localhost","d819effa-44f1-434e-b5b1-e24e06ca73e6","False","993d8cfe-57fa-4d30-9ce7-b89bfc3f2fb3"
"155.88","137.4","82","localhost","d819effa-44f1-434e-b5b1-e24e06ca73e6","False","993d8cfe-57fa-4d30-9ce7-b89bfc3f2fb3"
"157.75","125.3","83","localhost","d819effa-44f1-434e-b5b1-e24e06ca73e6","False","993d8cfe-57fa-4d30-9ce7-b89bfc3f2fb3"
"159.61","132.2","83","localhost","d819effa-44f1-434e-b5b1-e24e06ca73e6","False","993d8cfe-57fa-4d30-9ce7-b89bfc3f2fb3"
"161.51","133.2","82","localhost","d819effa-44f1-434e-b5b1-e24e06ca73e6","False","993d8cfe-57fa-4d30-9ce7-b89bfc3f2fb3"
"163.42","146.4","83","localhost","d819effa-44f1-434e-b5b1-e24e06ca73e6","False","993d8cfe-57fa-4d30-9ce7-b89bfc3f2fb3"
"165.33","139.9","83","localhost","d819effa-44f1-434e-b5b1-e24e06ca73e6","False","993d8cfe-57fa-4d30-9ce7-b89bfc3f2fb3"
"167.25","135.5","83","localhost","d819effa-44f1-434e-b5b1-e24e06ca73e6","False","993d8cfe-57fa-4d30-9ce7-b89bfc3f2fb3"
"169.14","130.5","83","localhost","d819effa-44f1-434e-b5b1-e24e06ca73e6","False","993d8cfe-57fa-4d30-9ce7-b89bfc3f2fb3"
"171.05","132.4","82","localhost","d819effa-44f1-434e-b5b1-e24e06ca73e6","False","993d8cfe-57fa-4d30-9ce7-b89bfc3f2fb3"
"172.98","143.4","83","localhost","d819effa-44f1-434e-b5b1-e24e06ca73e6","False","993d8cfe-57fa-4d30-9ce7-b89bfc3f2fb3"
"174.87","134.7","82","localhost","d819effa-44f1-434e-b5b1-e24e06ca73e6","False","993d8cfe-57fa-4d30-9ce7-b89bfc3f2fb3"
"176.73","127.6","83","localhost","d819effa-44f1-434e-b5b1-e24e06ca73e6","False","993d8cfe-57fa-4d30-9ce7-b89bfc3f2fb3"
"178.64","131","83","localhost","d819effa-44f1-434e-b5b1-e24e06ca73e6","False","993d8cfe-57fa-4d30-9ce7-b89bfc3f2fb3"
"180.55","137.5","83","localhost","d819effa-44f1-434e-b5b1-e24e06ca73e6","False","993d8cfe-57fa-4d30-9ce7-b89bfc3f2fb3"
