"stamp","tag","dir","srcMB","MBps","elapsedS","rsyncCPUs","sshCPUs","cpuPerGB","clockPct","cpuPct","tempStart","tempEnd","tempMax","rc","rsyncBuilt","note"
"2026-08-30T04:33:23","base1","push","1074","887","1.21","0.516","1.188","1.586","183.7","34.6","56","58","58","0","2026-08-30T03:41:47","baseline HEAD e9918e59, elevated session"
"2026-08-30T04:33:25","base2","push","1074","758","1.416","0.5","1.203","1.586","179.4","32.9","59","60","60","0","2026-08-30T03:41:47","baseline HEAD e9918e59, elevated session"
"2026-08-30T04:33:28","base3","push","1074","891","1.205","0.391","0.984","1.281","183.7","26.2","60","62","61","0","2026-08-30T03:41:47","baseline HEAD e9918e59, elevated session"
"2026-08-30T04:33:30","base4","push","1074","859","1.251","0.438","0.938","1.281","183.2","25.8","62","64","64","0","2026-08-30T03:41:47","baseline HEAD e9918e59, elevated session"
"2026-08-30T04:33:32","base5","push","1074","728","1.475","0.422","1","1.324","165.9","22.8","64","65","65","0","2026-08-30T03:41:47","baseline HEAD e9918e59, elevated session"
"2026-08-30T04:33:37","base4g","push","4295","1359","3.161","1.734","4.094","1.357","170.1","34.3","65","70","69","0","2026-08-30T03:41:47","baseline 4 GB"
"2026-08-30T04:54:01","ring1024","push","4295","1333","3.221","1.641","4.453","1.419","179.4","41.2","52","57","55","0","2026-08-30T03:41:47","ring sweep r1"
"2026-08-30T04:54:05","ring256","push","4295","1358","3.163","1.875","4.016","1.372","173.4","34.8","57","63","61","0","2026-08-30T03:41:47","ring sweep r1"
"2026-08-30T04:54:10","ring4096","push","4295","1354","3.172","1.672","4","1.321","183.3","36.8","63","67","65","0","2026-08-30T03:41:47","ring sweep r1"
"2026-08-30T04:54:14","ring16384","push","4295","1362","3.153","1.891","4.234","1.426","176.3","37.8","69","74","73","0","2026-08-30T03:41:47","ring sweep r1"
"2026-08-30T04:54:18","ring1024","push","4295","1369","3.137","1.906","3.984","1.372","167","34.8","74","78","76","0","2026-08-30T03:41:47","ring sweep r2"
"2026-08-30T04:54:23","ring256","push","4295","1361","3.156","1.625","4.031","1.317","170.4","33.2","78","80","79","0","2026-08-30T03:41:47","ring sweep r2"
"2026-08-30T04:54:27","ring4096","push","4295","1367","3.141","1.812","4.188","1.397","172.7","35.5","80","83","82","0","2026-08-30T03:41:47","ring sweep r2"
"2026-08-30T04:54:31","ring16384","push","4295","1353","3.175","1.797","4.375","1.437","170.6","34.7","83","84","83","0","2026-08-30T03:41:47","ring sweep r2"
"2026-08-30T04:58:53","pull1","pull","4295","1124","3.82","0.484","2.766","0.757","185.4","28.3","67","71","70","0","2026-08-30T03:41:47","pull baseline"
"2026-08-30T04:58:58","push1","push","4295","1227","3.501","1.734","3.797","1.288","176.9","31.6","71","74","74","0","2026-08-30T03:41:47","push baseline, interleaved with pull"
"2026-08-30T04:59:06","pull2","pull","4295","1139","3.77","0.453","2.344","0.651","181.8","21.3","77","80","80","0","2026-08-30T03:41:47","pull baseline"
"2026-08-30T04:59:11","push2","push","4295","1220","3.519","1.641","4.172","1.353","170.8","30","80","83","83","0","2026-08-30T03:41:47","push baseline, interleaved with pull"
"2026-08-30T04:59:36","pull3","pull","4295","1106","3.882","2.016","3.594","1.306","184.7","48.2","76","80","79","0","2026-08-30T03:41:47","pull baseline fixed"
"2026-08-30T04:59:40","push3","push","4295","1339","3.207","1.938","4.344","1.462","174.1","39.5","80","83","83","0","2026-08-30T03:41:47","push baseline interleaved"
"2026-08-30T04:59:49","pull4","pull","4295","1051","4.085","2","3.688","1.324","177","39.9","85","88","87","0","2026-08-30T03:41:47","pull baseline fixed"
"2026-08-30T04:59:54","push4","push","4295","1200","3.579","1.688","4.297","1.393","163.2","32","88","89","89","0","2026-08-30T03:41:47","push baseline interleaved"
"2026-08-30T05:05:34","SSH_SHMIO_SPIN=0","push","4295","1325","3.242","1.672","4.453","1.426","180.3","38.7","58","63","62","0","2026-08-30T03:41:47","sweep r1"
"2026-08-30T05:05:39","SSH_SHMIO_SPIN=128","push","4295","1220","3.522","1.719","4.438","1.433","177","34.8","64","68","68","0","2026-08-30T03:41:47","sweep r1"
"2026-08-30T05:05:43","SSH_SHMIO_SPIN=512","push","4295","1368","3.141","1.812","3.984","1.35","175","32.7","68","72","71","0","2026-08-30T03:41:47","sweep r1"
"2026-08-30T05:05:47","SSH_SHMIO_SPIN=2048","push","4295","1376","3.121","1.625","4.109","1.335","174.6","32.5","73","76","75","0","2026-08-30T03:41:47","sweep r1"
"2026-08-30T05:05:56","SSH_SHMIO_SPIN=0","pull","4295","1056","4.065","1.984","3.266","1.222","183.5","33.9","79","83","83","0","2026-08-30T03:41:47","sweep r1"
"2026-08-30T05:06:05","SSH_SHMIO_SPIN=128","pull","4295","1010","4.252","2.484","5.547","1.87","169.9","51.3","86","89","89","0","2026-08-30T03:41:47","sweep r1"
"2026-08-30T05:06:14","SSH_SHMIO_SPIN=512","pull","4295","902","4.764","2.156","5.984","1.895","171","43.8","90","92","92","0","2026-08-30T03:41:47","sweep r1"
"2026-08-30T05:06:26","SSH_SHMIO_SPIN=2048","pull","4295","636","6.749","2.203","8.141","2.408","154.4","35.6","92","91","92","0","2026-08-30T03:41:47","sweep r1"
"2026-08-30T05:07:12","SSH_SHMIO_SPIN=0","push","4295","1221","3.517","1.719","4.156","1.368","175","30.8","62","66","66","0","2026-08-30T03:41:47","sweep r2"
"2026-08-30T05:07:17","SSH_SHMIO_SPIN=128","push","4295","1221","3.517","1.609","4.062","1.321","169.2","29.7","66","69","69","0","2026-08-30T03:41:47","sweep r2"
"2026-08-30T05:07:21","SSH_SHMIO_SPIN=512","push","4295","1214","3.537","1.75","4.078","1.357","171.5","30.1","69","73","73","0","2026-08-30T03:41:47","sweep r2"
"2026-08-30T05:07:26","SSH_SHMIO_SPIN=2048","push","4295","1217","3.528","1.531","3.922","1.27","170.2","30.2","73","76","76","0","2026-08-30T03:41:47","sweep r2"
"2026-08-30T05:07:35","SSH_SHMIO_SPIN=0","pull","4295","996","4.312","2.016","3.328","1.244","179.1","32.7","79","83","82","0","2026-08-30T03:41:47","sweep r2"
"2026-08-30T05:07:45","SSH_SHMIO_SPIN=128","pull","4295","961","4.47","2.625","5.781","1.957","135.9","41.9","85","86","86","0","2026-08-30T03:41:47","sweep r2"
"2026-08-30T05:07:55","SSH_SHMIO_SPIN=512","pull","4295","875","4.909","2.531","6.625","2.132","138.4","48.6","86","85","86","0","2026-08-30T03:41:47","sweep r2"
"2026-08-30T05:08:06","SSH_SHMIO_SPIN=2048","pull","4295","636","6.75","2.641","8.312","2.55","143.8","36.4","85","84","85","0","2026-08-30T03:41:47","sweep r2"
"2026-08-30T05:08:52","SSH_SHMIO_SPIN=0","push","4295","1223","3.511","1.953","4.094","1.408","168.7","31.7","62","65","65","0","2026-08-30T03:41:47","sweep r3"
"2026-08-30T05:08:56","SSH_SHMIO_SPIN=128","push","4295","1364","3.149","1.75","4.016","1.342","180.1","34.1","65","69","67","0","2026-08-30T03:41:47","sweep r3"
"2026-08-30T05:09:01","SSH_SHMIO_SPIN=512","push","4295","1223","3.511","1.547","3.875","1.262","171.8","30.1","69","74","74","0","2026-08-30T03:41:47","sweep r3"
"2026-08-30T05:09:06","SSH_SHMIO_SPIN=2048","push","4295","1228","3.497","1.688","4.062","1.339","171.2","33.3","74","77","77","0","2026-08-30T03:41:47","sweep r3"
"2026-08-30T05:09:15","SSH_SHMIO_SPIN=0","pull","4295","956","4.495","2.469","4.391","1.597","153","39","80","82","82","0","2026-08-30T03:41:47","sweep r3"
"2026-08-30T05:09:25","SSH_SHMIO_SPIN=128","pull","4295","885","4.852","2.797","6.109","2.074","135.3","43.7","83","83","84","0","2026-08-30T03:41:47","sweep r3"
"2026-08-30T05:09:35","SSH_SHMIO_SPIN=512","pull","4295","869","4.943","2.969","6.891","2.296","133.9","44.8","84","83","84","0","2026-08-30T03:41:47","sweep r3"
"2026-08-30T05:09:47","SSH_SHMIO_SPIN=2048","pull","4295","633","6.782","2.438","8.438","2.532","144.7","35.1","84","83","84","0","2026-08-30T03:41:47","sweep r3"
"2026-08-30T05:11:45","RSYNC_WIN32_WSEQSCAN=0","pull","4295","1100","3.905","1.938","3.766","1.328","185.7","45.3","66","71","71","0","2026-08-30T05:11:19","sweep r1"
"2026-08-30T05:11:54","RSYNC_WIN32_WSEQSCAN=1","pull","4295","1042","4.124","2","3.828","1.357","181.9","38.8","76","81","81","0","2026-08-30T05:11:19","sweep r1"
"2026-08-30T05:12:44","RSYNC_WIN32_WSEQSCAN=0","pull","4295","1069","4.018","1.766","3.375","1.197","186.8","35.5","65","69","69","0","2026-08-30T05:11:19","sweep r2"
"2026-08-30T05:12:53","RSYNC_WIN32_WSEQSCAN=1","pull","4295","1063","4.041","2","3.328","1.241","186.5","38.3","74","79","79","0","2026-08-30T05:11:19","sweep r2"
"2026-08-30T05:13:38","RSYNC_WIN32_WSEQSCAN=0","pull","4295","991","4.335","2.047","3.312","1.248","188.3","36.8","65","71","70","0","2026-08-30T05:11:19","sweep r3"
"2026-08-30T05:13:47","RSYNC_WIN32_WSEQSCAN=1","pull","4295","988","4.349","1.922","3.375","1.233","177.9","39.5","76","80","79","0","2026-08-30T05:11:19","sweep r3"
"2026-08-30T05:14:37","RSYNC_WIN32_WSEQSCAN=0","pull","4295","1057","4.065","1.953","3.531","1.277","188","34.7","65","70","70","0","2026-08-30T05:11:19","sweep r4"
"2026-08-30T05:14:46","RSYNC_WIN32_WSEQSCAN=1","pull","4295","1004","4.277","1.953","3.359","1.237","181","38.8","75","80","79","0","2026-08-30T05:11:19","sweep r4"
"2026-08-30T05:23:46","final-push","push","4295","1334","3.219","1.734","4.125","1.364","178.1","39.2","53","58","57","0","2026-08-30T05:19:31","after all reverts, tree at e9918e59"
"2026-08-30T05:23:54","final-pull","pull","4295","1063","4.039","2.047","3.547","1.302","183.1","38.5","64","70","68","0","2026-08-30T05:19:31","after all reverts"
"2026-08-30T05:23:59","final-push","push","4295","1358","3.162","1.672","4.031","1.328","172.4","33","71","75","73","0","2026-08-30T05:19:31","after all reverts"
