t,cpu_pct,perf_pct,mhz,tx_MBps,rx_MBps,cpu_c,ambient_c
1.42,6.02,154.00,1696,0.0,0.0,61,58
2.56,4.18,140.16,1696,0.0,0.0,61,58
3.68,9.68,178.76,1696,1048.6,1.0,61,58
4.80,10.66,188.22,1696,1731.7,1.6,61,58
5.91,10.10,187.92,1696,1721.2,1.6,62,58
7.04,9.96,188.13,1696,1724.6,1.6,63,58
8.17,8.95,188.02,1696,1730.0,1.6,63,58
9.28,7.91,187.90,1696,1730.8,1.6,64,58
10.41,10.57,187.94,1696,1725.4,1.6,64,58
11.52,15.02,188.25,1696,1701.1,1.6,65,58
12.64,9.78,188.05,1696,1745.8,1.6,65,58
13.75,8.78,188.09,1696,1729.5,1.6,65,58
14.89,9.71,188.03,1696,1742.6,1.6,66,58
16.01,9.01,188.10,1696,1715.6,1.6,67,58
17.13,15.28,188.58,1696,1711.6,1.6,67,59
18.26,9.56,188.10,1696,1722.4,1.6,68,59
19.41,34.27,189.01,1696,1628.4,1.5,69,59
20.57,59.50,188.96,1696,1611.1,1.5,70,59
21.71,28.02,188.96,1696,1706.4,1.6,72,60
22.83,14.12,188.54,1696,1720.7,1.6,73,60
23.93,14.35,188.48,1696,1717.8,1.6,73,60
25.04,11.37,188.24,1696,1731.4,1.6,74,60
26.15,8.63,188.51,1696,1750.8,1.6,74,60
27.28,9.20,188.45,1696,1762.1,1.6,75,60
28.47,18.84,188.70,1696,1740.7,1.6,75,60
29.65,64.20,186.86,1696,1612.3,1.5,77,61
30.76,38.34,184.11,1696,1651.5,1.5,78,61
31.90,12.24,187.50,1696,1730.2,1.6,78,61
33.04,16.01,188.38,1696,1733.6,1.6,79,61
34.15,16.84,188.49,1696,1685.2,1.6,79,61
35.30,9.27,187.86,1696,1731.6,1.6,80,61
36.41,12.36,188.39,1696,1729.7,1.6,80,62
37.53,7.92,188.18,1696,1732.1,1.6,80,62
38.64,11.66,187.99,1696,1723.9,1.6,80,62
39.76,9.31,186.54,1696,1752.3,1.6,80,62
40.90,8.73,179.67,1696,1708.3,1.6,81,63
42.00,10.91,182.67,1696,1758.2,1.6,81,63
43.14,9.40,186.22,1696,1765.6,1.6,81,63
44.27,8.24,182.91,1696,1758.5,1.6,81,63
45.38,9.33,184.76,1696,1741.6,1.6,81,63
46.50,8.20,185.18,1696,1723.0,1.6,81,63
47.62,8.82,186.86,1696,1724.8,1.6,81,63
48.73,8.97,186.43,1696,1716.2,1.6,81,63
49.86,9.14,185.45,1696,1743.8,1.6,81,63
50.97,9.64,185.49,1696,1709.0,1.6,81,63
52.09,8.75,184.61,1696,1717.0,1.6,81,63
53.19,9.06,185.94,1696,1749.0,1.6,81,63
54.31,11.37,186.17,1696,1755.3,1.6,81,64
55.42,9.96,185.86,1696,1757.7,1.6,81,64
56.55,9.98,184.12,1696,1765.5,1.6,81,63
57.66,11.52,183.08,1696,1743.4,1.6,81,64
58.79,8.53,185.67,1696,1749.8,1.6,82,64
59.93,19.59,166.01,1696,1654.5,1.5,81,64
61.05,18.38,167.02,1696,1681.1,1.6,81,64
62.17,10.15,176.46,1696,1735.2,1.6,81,64
63.30,10.10,180.94,1696,1727.1,1.6,81,64
64.42,10.40,180.25,1696,1710.7,1.6,81,64
65.54,9.26,180.66,1696,1723.3,1.6,81,64
66.68,11.61,182.70,1696,1725.8,1.6,81,64
67.79,11.20,182.41,1696,1709.2,1.6,81,64
68.91,16.76,183.80,1696,1734.7,1.6,81,64
70.05,10.43,183.32,1696,1724.2,1.6,81,64
71.15,9.33,183.07,1696,1729.7,1.6,81,64
72.28,9.78,185.39,1696,1714.0,1.6,82,64
73.41,8.67,184.10,1696,1763.6,1.6,82,64
74.53,10.12,183.17,1696,1728.3,1.6,81,65
75.64,8.91,184.12,1696,1739.7,1.6,81,64
76.77,7.59,185.94,1696,1728.7,1.6,81,65
77.89,11.71,185.18,1696,1734.3,1.6,82,65
79.01,13.49,182.34,1696,1708.9,1.6,82,65
80.13,11.26,182.75,1696,1749.2,1.6,82,65
81.27,8.39,185.11,1696,1734.3,1.6,82,65
82.38,11.10,186.27,1696,1736.0,1.6,81,65
83.49,11.27,185.07,1696,1729.8,1.6,81,65
84.61,11.21,185.11,1696,1733.0,1.6,81,65
85.73,9.79,183.35,1696,1716.6,1.6,82,65
86.84,10.58,183.91,1696,1731.0,1.6,82,65
87.95,13.56,183.00,1696,1722.3,1.6,82,65
89.10,9.30,184.34,1696,1724.2,1.6,82,65
90.21,8.91,183.64,1696,1737.9,1.6,81,65
91.33,10.07,183.02,1696,1742.0,1.6,81,65
92.45,7.29,178.91,1696,1756.0,1.6,81,65
93.56,9.37,182.14,1696,1742.9,1.6,81,65
94.67,8.71,184.22,1696,1751.9,1.6,81,65
95.81,9.72,183.28,1696,1733.5,1.6,82,65
96.92,8.94,183.71,1696,1727.2,1.6,81,65
98.05,8.73,185.64,1696,1752.7,1.6,81,65
99.16,10.04,182.84,1696,1737.1,1.6,81,65
100.30,8.69,183.33,1696,1733.1,1.6,81,65
101.43,9.32,183.99,1696,1747.5,1.6,81,65
102.53,9.06,185.06,1696,1722.9,1.6,81,65
103.63,8.72,184.53,1696,1716.3,1.6,82,65
104.77,11.87,183.92,1696,1736.3,1.6,81,65
105.89,10.21,184.85,1696,1719.1,1.6,81,65
107.01,12.54,182.32,1696,1716.4,1.6,81,65
108.15,11.39,179.65,1696,1721.2,1.6,81,65
109.28,9.23,183.97,1696,1735.0,1.6,81,65
110.40,12.12,183.47,1696,1732.7,1.6,81,65
111.50,9.27,184.69,1696,1710.6,1.6,81,65
112.60,9.90,185.59,1696,1733.6,1.6,81,65
113.73,9.33,183.90,1696,1700.4,1.6,81,66
114.85,11.59,184.58,1696,1728.3,1.6,81,65
115.96,10.37,182.41,1696,1722.2,1.6,81,66
117.09,10.57,182.33,1696,1737.2,1.6,81,66
118.22,7.44,184.05,1696,1713.5,1.6,81,66
119.32,10.51,184.86,1696,1723.9,1.6,81,66
120.45,9.20,183.27,1696,1717.1,1.6,81,66
121.57,11.52,184.15,1696,1735.1,1.6,81,65
122.69,8.96,183.79,1696,1740.5,1.6,81,65
123.81,10.62,184.26,1696,1767.9,1.6,81,65
124.93,15.66,174.69,1696,1700.2,1.6,81,66
126.05,10.07,177.12,1696,1740.3,1.6,81,65
127.17,9.24,182.89,1696,1744.2,1.6,81,65
128.30,10.17,183.87,1696,1740.2,1.6,81,65
129.41,11.00,183.50,1696,1746.9,1.6,81,66
130.53,9.02,186.06,1696,1729.9,1.6,81,65
131.65,10.06,185.60,1696,1721.1,1.6,81,66
132.79,15.43,179.53,1696,1709.1,1.6,82,66
133.94,20.24,154.68,1696,1717.4,1.6,82,66
135.05,11.30,178.38,1696,1730.8,1.6,82,66
136.19,12.97,182.45,1696,1738.4,1.6,82,66
137.31,10.42,181.15,1696,1726.1,1.6,81,66
138.44,7.17,184.93,1696,1742.4,1.6,81,66
139.57,8.36,181.56,1696,1716.8,1.6,81,66
140.68,8.29,180.99,1696,1734.7,1.6,81,66
141.80,7.55,181.62,1696,1739.3,1.6,81,66
142.93,11.83,183.41,1696,1754.9,1.6,81,66
144.04,13.51,184.35,1696,1724.9,1.6,81,66
145.19,9.58,184.70,1696,1732.4,1.6,81,66
146.31,12.45,183.89,1696,1728.5,1.6,81,66
147.42,9.95,184.80,1696,1725.6,1.6,81,66
148.52,9.94,185.03,1696,1728.2,1.6,81,66
149.64,9.38,183.55,1696,1724.1,1.6,81,66
150.74,12.46,183.43,1696,1701.4,1.6,81,66
151.87,10.74,183.81,1696,1711.5,1.6,81,66
152.99,9.88,184.31,1696,1737.8,1.6,81,66
154.13,9.99,183.80,1696,1749.1,1.6,81,66
155.24,10.49,182.06,1696,1714.9,1.6,81,66
156.37,15.90,181.83,1696,1718.1,1.6,81,66
157.49,10.45,182.92,1696,1740.2,1.6,81,66
158.62,10.08,183.04,1696,1723.5,1.6,81,66
159.75,8.90,182.27,1696,1719.1,1.6,81,66
160.87,9.31,183.59,1696,1758.8,1.6,81,66
161.99,8.99,180.86,1696,1733.5,1.6,81,66
163.12,10.73,183.31,1696,1734.0,1.6,81,66
164.22,9.78,183.29,1696,1742.7,1.6,81,66
165.35,10.18,182.42,1696,1720.3,1.6,81,66
166.47,11.14,182.68,1696,1715.4,1.6,81,66
167.59,13.78,177.61,1696,1724.7,1.6,81,66
168.73,9.30,182.49,1696,1712.0,1.6,81,66
169.84,14.11,180.53,1696,1719.6,1.6,81,66
170.98,10.60,182.91,1696,1767.4,1.6,81,66
172.11,13.52,181.94,1696,1735.4,1.6,81,66
173.22,10.34,182.25,1696,1741.0,1.6,81,66
174.35,16.71,177.38,1696,1737.6,1.6,81,66
175.47,12.80,182.85,1696,1716.3,1.6,81,66
176.60,8.97,183.28,1696,1717.0,1.6,81,66
177.70,11.18,184.73,1696,1758.7,1.6,81,66
178.84,8.70,183.33,1696,1756.5,1.6,82,66
179.97,12.23,183.26,1696,1702.0,1.6,81,66
181.08,10.35,184.39,1696,1739.5,1.6,81,66
182.19,10.04,185.06,1696,1714.6,1.6,81,66
183.31,9.26,182.72,1696,1270.4,1.2,81,66
184.43,6.43,124.55,1696,0.0,0.0,81,66
185.56,4.12,111.00,1696,0.0,0.0,81,66
186.69,4.48,125.51,1696,0.0,0.0,80,66
187.81,3.13,132.49,1696,0.0,0.0,79,66
188.93,6.22,118.93,1696,0.0,0.0,78,66
190.06,5.61,119.52,1696,0.0,0.0,78,66
191.18,4.15,127.70,1696,0.0,0.0,77,66
192.31,5.56,119.25,1696,0.0,0.0,77,66
193.42,3.08,123.38,1696,0.0,0.0,76,65
194.54,3.80,116.39,1696,0.0,0.0,75,65
195.66,4.69,116.34,1696,0.0,0.0,74,65
196.80,3.44,128.26,1696,0.0,0.0,74,65
197.92,4.10,130.39,1696,0.0,0.0,73,65
199.04,5.61,123.45,1696,0.0,0.0,73,65
200.16,2.76,130.75,1696,0.0,0.0,72,64
201.30,2.97,115.90,1696,0.0,0.0,72,64
202.42,6.43,125.35,1696,0.0,0.0,71,64
203.53,4.14,140.37,1696,0.0,0.0,71,64
204.66,2.01,129.99,1696,0.0,0.0,70,64
205.77,3.93,113.73,1696,0.0,0.0,70,63
206.90,2.15,128.55,1696,0.0,0.0,69,63
208.02,5.17,123.72,1696,0.0,0.0,69,63
209.15,2.54,131.50,1696,0.0,0.0,68,63
210.28,2.99,117.00,1696,0.0,0.0,68,63
211.40,7.00,119.30,1696,0.0,0.0,68,62
